{
  "requiresKeyFile": true,
  "requiresProjectId": true,
  "client_reference_url": "https://dialogflow.com/docs/reference/api-v2/rpc/",
  "release_quality": "beta",
  "samples": [
    {
      "id": "dialogflow_detect_intent_text",
      "name": "Detect Intent (Text)",
      "file": "detect.js",
      "docs_link": "https://dialogflow.com/docs/reference/api-v2/rpc/google.cloud.dialogflow.v2beta1#google.cloud.dialogflow.v2beta1.DetectIntentRequest",
      "usage": "node detect.js --help"
    },
    {
      "id": "dialogflow_create_knowledge_base",
      "name": "Create Knowledge Base",
      "file": "detect.v2beta1.js",
      "docs_link": "https://dialogflow.com/docs/reference/api-v2/rpc/google.cloud.dialogflow.v2beta1#google.cloud.dialogflow.v2beta1.createKnowledgeBase",
      "usage": "node detect.v2beta1.js --help"
    },
    {
      "id": "dialogflow_get_knowledge_base",
      "name": "Get Knowledge Base",
      "file": "detect.v2beta1.js",
      "docs_link": "https://dialogflow.com/docs/reference/api-v2/rpc/google.cloud.dialogflow.v2beta1#google.cloud.dialogflow.v2beta1.getKnowledgeBase",
      "usage": "node detect.v2beta1.js --help"
    },
    {
      "id": "dialogflow_list_knowledge_base",
      "name": "list Knowledge Base",
      "file": "detect.v2beta1.js",
      "docs_link": "https://dialogflow.com/docs/reference/api-v2/rpc/google.cloud.dialogflow.v2beta1#google.cloud.dialogflow.v2beta1.listKnowledgeBase",
      "usage": "node detect.v2beta1.js --help"
    },
    {
      "id": "dialogflow_delete_knowledge_base",
      "name": "list Knowledge Base",
      "file": "detect.v2beta1.js",
      "docs_link": "https://dialogflow.com/docs/reference/api-v2/rpc/google.cloud.dialogflow.v2beta1#google.cloud.dialogflow.v2beta1.deleteKnowledgeBase",
      "usage": "node detect.v2beta1.js --help"
    },
    {
      "id": "dialogflow_create_document",
      "name": "create Document",
      "file": "detect.v2beta1.js",
      "docs_link": "https://dialogflow.com/docs/reference/api-v2/rpc/google.cloud.dialogflow.v2beta1#google.cloud.dialogflow.v2beta1.createDocument",
      "usage": "node detect.v2beta1.js --help"
    },
    {
      "id": "dialogflow_list_document",
      "name": "list Documents",
      "file": "detect.v2beta1.js",
      "docs_link": "https://dialogflow.com/docs/reference/api-v2/rpc/google.cloud.dialogflow.v2beta1#google.cloud.dialogflow.v2beta1.listDocuments",
      "usage": "node detect.v2beta1.js --help"
    },
    {
      "id": "dialogflow_get_document",
      "name": "Get Document",
      "file": "detect.v2beta1.js",
      "docs_link": "https://dialogflow.com/docs/reference/api-v2/rpc/google.cloud.dialogflow.v2beta1#google.cloud.dialogflow.v2beta1.getDocument",
      "usage": "node detect.v2beta1.js --help"
    },
    {
      "id": "dialogflow_delete_document",
      "name": "delete Document",
      "file": "detect.v2beta1.js",
      "docs_link": "https://dialogflow.com/docs/reference/api-v2/rpc/google.cloud.dialogflow.v2beta1#google.cloud.dialogflow.v2beta1.deleteDocument",
      "usage": "node detect.v2beta1.js --help"
    },
    {
      "id": "dialogflow_detect_intent_with_sentiment_analysis",
      "name": "detect Intent with sentiment analysis",
      "file": "detect.v2beta1.js",
      "docs_link": "https://dialogflow.com/docs/reference/api-v2/rpc/google.cloud.dialogflow.v2beta1#google.cloud.dialogflow.v2beta1.detectIntentwithSentimentAnalysis",
      "usage": "node detect.v2beta1.js --help"
    },
    {
      "id": "dialogflow_detect_intent_with_texttospeech_response",
      "name": "detect Intent with text-to-speech response",
      "file": "detect.v2beta1.js",
      "docs_link": "https://dialogflow.com/docs/reference/api-v2/rpc/google.cloud.dialogflow.v2beta1#google.cloud.dialogflow.v2beta1.detectIntentwithtexttospeechresponse",
      "usage": "node detect.v2beta1.js --help"
    },
    {
      "id": "dialogflow_detect_intent_knowledge",
      "name": "detect Intent with Knowledge Base",
      "file": "detect.v2beta1.js",
      "docs_link": "https://dialogflow.com/docs/reference/api-v2/rpc/google.cloud.dialogflow.v2beta1#google.cloud.dialogflow.v2beta1.detectIntentknowledge",
      "usage": "node detect.v2beta1.js --help"
    },
    {
      "id": "dialogflow_detect_intent_audio",
      "name": "Detect Intent (Audio)",
      "file": "detect.js",
      "docs_link": "https://dialogflow.com/docs/reference/api-v2/rpc/google.cloud.dialogflow.v2beta1#google.cloud.dialogflow.v2beta1.DetectIntentRequest",
      "usage": "node detect.js --help"
    },
    {
      "id": "dialogflow_detect_intent_streaming",
      "name": "Detect Intent (Streaming)",
      "file": "detect.js",
      "docs_link": "https://dialogflow.com/docs/reference/api-v2/rpc/google.cloud.dialogflow.v2beta1#google.cloud.dialogflow.v2beta1.DetectIntentRequest",
      "usage": "node detect.js --help"
    },
    {
      "id": "dialogflow_create_entity",
      "name": "Create Entity",
      "file": "resource.js",
      "docs_link": "https://dialogflow.com/docs/reference/api-v2/rpc/google.cloud.dialogflow.v2beta1#google.cloud.dialogflow.v2beta1.EntityTypes.CreateEntityType",
      "usage": "node resource.js --help"
    },
    {
      "id": "dialogflow_delete_entity",
      "name": "Delete Entity",
      "file": "resource.js",
      "docs_link": "https://dialogflow.com/docs/reference/api-v2/rpc/google.cloud.dialogflow.v2beta1#google.cloud.dialogflow.v2beta1.EntityTypes.DeleteEntityType",
      "usage": "node resource.js --help"
    },
    {
      "id": "dialogflow_create_intent",
      "name": "Create Intent",
      "file": "resource.js",
      "docs_link": "https://dialogflow.com/docs/reference/api-v2/rpc/google.cloud.dialogflow.v2beta1#google.cloud.dialogflow.v2beta1.Intents.CreateIntent",
      "usage": "node resource.js --help"
    },
    {
      "id": "dialogflow_delete_intent",
      "name": "Delete Intent",
      "file": "resource.js",
      "docs_link": "https://dialogflow.com/docs/reference/api-v2/rpc/google.cloud.dialogflow.v2beta1#google.cloud.dialogflow.v2beta1.Intents.DeleteIntent",
      "usage": "node resource.js --help"
    },
    {
      "id": "dialogflow_create_context",
      "name": "Create Context",
      "file": "resource.js",
      "docs_link": "https://dialogflow.com/docs/reference/api-v2/rpc/google.cloud.dialogflow.v2beta1#google.cloud.dialogflow.v2beta1.Contexts.CreateContext",
      "usage": "node resource.js --help"
    },
    {
      "id": "dialogflow_delete_context",
      "name": "Delete Context",
      "file": "resource.js",
      "docs_link": "https://dialogflow.com/docs/reference/api-v2/rpc/google.cloud.dialogflow.v2beta1#google.cloud.dialogflow.v2beta1.Contexts.DeleteContext",
      "usage": "node resource.js --help"
    },
    {
      "id": "dialogflow_create_session_entity_type",
      "name": "Create Session Entity Type",
      "file": "resource.js",
      "docs_link": "https://dialogflow.com/docs/reference/api-v2/rpc/google.cloud.dialogflow.v2beta1#google.cloud.dialogflow.v2beta1.SessionEntityTypes.CreateSessionEntityType",
      "usage": "node resource.js --help"
    },
    {
      "id": "dialogflow_delete_session_entity_type",
      "name": "Delete Session Entity Type",
      "file": "resource.js",
      "docs_link": "https://dialogflow.com/docs/reference/api-v2/rpc/google.cloud.dialogflow.v2beta1#google.cloud.dialogflow.v2beta1.SessionEntityTypes.DeleteSessionEntityType",
      "usage": "node resource.js --help"
    }
  ],

  "_product": "dialogflow",
  "id": "dialogflow",
  "name": "Dialogflow",
  "short_name": "Dialogflow",
  "docs_url": "https://dialogflow.com/docs/reference/api-v2/rpc/",
  "description": "[Dialogflow](https://dialogflow.com/docs/reference/v2-agent-setup) is an enterprise-grade NLU platform that makes it easy for developers to design and integrate conversational user interfaces into mobile apps, web applications, devices, and bots.",
  "api_id": "dialogflow.googleapis.com"
}
